sample_id,title,group,dataset
GSM277100.CEL,Adrenocortical Adenoma 021,ACA,GSE10927
GSM277102.CEL,Adrenocortical Adenoma 028,ACA,GSE10927
GSM277103.CEL,Adrenocortical Adenoma 030,ACA,GSE10927
GSM277106.CEL,Adrenocortical Adenoma 064,ACA,GSE10927
GSM277108.CEL,Adrenocortical Adenoma 068,ACA,GSE10927
GSM277109.CEL,Adrenocortical Adenoma 070,ACA,GSE10927
GSM277110.CEL,Adrenocortical Adenoma 071,ACA,GSE10927
GSM277111.CEL,Adrenocortical Adenoma 072,ACA,GSE10927
GSM277112.CEL,Adrenocortical Adenoma 075,ACA,GSE10927
GSM277113.CEL,Adrenocortical Adenoma 077,ACA,GSE10927
GSM277114.CEL,Adrenocortical Adenoma 078,ACA,GSE10927
GSM277115.CEL,Adrenocortical Adenoma 079,ACA,GSE10927
GSM277116.CEL,Adrenocortical Adenoma 080,ACA,GSE10927
GSM277117.CEL,Adrenocortical Adenoma 081,ACA,GSE10927
GSM277118.CEL,Adrenocortical Adenoma 082,ACA,GSE10927
GSM277120.CEL,Adrenocortical Adenoma 099,ACA,GSE10927
GSM277124.CEL,Adrenocortical Carcinoma 011,ACC,GSE10927
GSM277125.CEL,Adrenocortical Carcinoma 013,ACC,GSE10927
GSM277130.CEL,Adrenocortical Carcinoma 019,ACC,GSE10927
GSM277131.CEL,Adrenocortical Carcinoma 032,ACC,GSE10927
GSM277136.CEL,Adrenocortical Carcinoma 039,ACC,GSE10927
GSM277138.CEL,Adrenocortical Carcinoma 046,ACC,GSE10927
GSM277139.CEL,Adrenocortical Carcinoma 047,ACC,GSE10927
GSM277140.CEL,Adrenocortical Carcinoma 048,ACC,GSE10927
GSM277141.CEL,Adrenocortical Carcinoma 051,ACC,GSE10927
GSM277142.CEL,Adrenocortical Carcinoma 053,ACC,GSE10927
GSM277146.CEL,Adrenocortical Carcinoma 057,ACC,GSE10927
GSM277147.CEL,Adrenocortical Carcinoma 058,ACC,GSE10927
GSM277148.CEL,Adrenocortical Carcinoma 084,ACC,GSE10927
GSM277149.CEL,Adrenocortical Carcinoma 089,ACC,GSE10927
GSM277150.CEL,Adrenocortical Carcinoma 094,ACC,GSE10927
GSM277151.CEL,Adrenocortical Carcinoma 098,ACC,GSE10927
GSM277152.CEL,Adrenocortical Carcinoma 101,ACC,GSE10927
GSM277153.CEL,Adrenocortical Carcinoma 102,ACC,GSE10927
